"Provincies","2020","2021","2022","2023","2024","2025"
"Ha Noi",123.4,128.3,141.1,149.7,162.9,179.3
"Bac Ninh",101.2,108.6,120.6,122.9,131.2,146.2
"Quang Ninh",155.6,170.2,195.3,213.2,234.1,261.2
"Hai Phong",102.3,115.5,131.1,141.6,158.0,177.0
"Hung Yen",60.5,66.4,76.0,81.9,89.0,98.9
"Ninh Binh",55.8,59.0,65.3,70.4,79.0,89.2
"Cao Bang",35.8,35.8,38.7,41.0,44.2,49.6
"Tuyen Quang",36.3,37.6,41.6,43.7,48.3,54.6
"Lao Cai",55.1,57.7,64.6,66.9,73.3,84.7
"Thai Nguyen",84.0,88.7,96.2,99.0,103.3,112.4
"Lang Son",44.2,47.2,51.0,57.8,62.4,70.9
"Phu Tho",70.8,75.4,84.3,87.8,97.4,111.3
"Dien Bien",33.1,35.3,39.5,43.2,47.7,53.4
"Lai Chau",43.3,44.7,49.6,50.8,60.4,79.4
"Son La",43.3,44.3,48.8,50.8,57.4,71.4
"Thanh Hoa",51.3,57.6,69.1,72.6,81.3,88.5
"Nghe An",43.1,46.2,51.2,54.9,60.7,67.6
"Ha Tinh",63.6,68.9,71.9,76.5,82.8,90.5
"Quang Tri",49.0,52.9,59.7,64.1,69.8,77.4
"Hue",48.6,50.8,56.8,62.0,67.7,75.3
"Da Nang",75.7,78.9,89.4,90.6,99.5,110.6
"Quang Ngai",61.3,70.9,85.1,87.4,92.5,101.9
"Gia Lai",51.2,55.8,62.6,67.6,75.6,85.0
"Khanh Hoa",62.6,65.5,77.4,87.6,101.2,110.3
"Dak Lak",47.5,51.1,56.9,61.3,71.1,80.6
"Lam Dong",62.4,66.7,75.3,79.8,93.4,105.2
"Tay Ninh",75.4,78.5,88.9,93.4,103.5,115.6
"Dong Nai",103.6,108.6,119.1,123.7,134.0,150.8
"Ho Chi Minh city",158.2,162.1,179.1,183.4,196.6,215.3
"Vinh Long",52.4,54.2,61.9,67.7,75.7,82.4
"Dong Thap",54.6,55.1,62.6,69.0,76.8,84.0
"An Giang",50.9,53.1,59.2,65.3,73.2,80.2
"Can Tho",57.6,59.6,70.5,78.0,86.5,94.9
"Ca Mau",49.8,51.7,59.4,64.4,71.1,78.6