province,mean_radiance,pixel_count
Ha Noi,5.865350230807644,16811
Bac Ninh,2.131597198714304,23630
Quang Ninh,1.4338697888900531,29220
Hai Phong,4.818170133261689,15412
Hung Yen,3.2989399974494593,12850
Ninh Binh,2.757208919391522,19359
Cao Bang,0.0521343600473302,33953
Tuyen Quang,0.059445939330891935,69730
Lao Cai,0.1170844216542282,66798
Thai Nguyen,0.34071603824803,42201
Lang Son,0.11507093040334525,41806
Phu Tho,0.7675710720887687,46794
Dien Bien,0.06806456294734196,48013
Lai Chau,0.048225788883335105,45777
Son La,0.0693748289582591,70698
Thanh Hoa,0.6406102380666855,55162
Nghe An,0.30440781864683186,81589
Ha Tinh,0.6193270204998733,29378
Quang Tri,0.26899854093682063,62093
Hue,0.6804871182160339,24073
Da Nang,0.9269532446256731,59607
Quang Ngai,0.4155608234911394,71701
Gia Lai,0.46026895024182546,103956
Khanh Hoa,0.7561031598720271,57017
Dak Lak,0.42636708316784305,86820
Lam Dong,4.873110751572035,115761
Tay Ninh,3.000821551713505,40623
Dong Nai,1.5733294236614483,60758
Ho Chi Minh city,7.088183948992636,31891
Vinh Long,1.4455392980645265,28903
Dong Thap,3.6657467503409538,27496
An Giang,0.8012106145147033,46753
Can Tho,1.3732829771237958,30166
Ca Mau,0.6741640112697754,35943
