ma_xa,ten_xa,loai,mean_radiance,pixel_count
00004,Ba Đình,Phường,71.93497899373372,15
00008,Ngọc Hà,Phường,31.832859186025765,13
00025,Giảng Võ,Phường,40.35636574881418,14
00070,Hoàn Kiếm,Phường,54.264630211724175,9
00082,Cửa Nam,Phường,57.50890562269423,9
00091,Phú Thượng,Phường,27.184243202209473,36
00097,Hồng Hà,Phường,16.937898243529887,79
00103,Tây Hồ,Phường,26.55658796310425,50
00118,Bồ Đề,Phường,18.934885340470533,65
00127,Việt Hưng,Phường,21.99827178567648,64
00136,Phúc Lợi,Phường,23.71309730118396,51
00145,Long Biên,Phường,15.611854843257628,97
00160,Nghĩa Đô,Phường,36.05145227341425,21
00166,Cầu Giấy,Phường,40.478542709350585,20
00175,Yên Hòa,Phường,39.274013246808735,21
00190,Ô Chợ Dừa,Phường,36.54262351989746,9
00199,Láng,Phường,36.92639456854926,9
00226,Văn Miếu - Quốc Tử Giám,Phường,37.80444598197937,8
00229,Kim Liên,Phường,38.43514043634588,11
00235,Đống Đa,Phường,34.820050430297854,10
00256,Hai Bà Trưng,Phường,38.81437389667217,13
00283,Vĩnh Tuy,Phường,29.348519238558683,11
00292,Bạch Mai,Phường,32.44951769510905,15
00301,Vĩnh Hưng,Phường,16.988124681555707,23
00316,Định Công,Phường,24.735049101022575,26
00322,Tương Mai,Phường,27.22710955142975,16
00328,Lĩnh Nam,Phường,10.109460998464513,54
00331,Hoàng Mai,Phường,21.380182933807372,50
00337,Hoàng Liệt,Phường,22.515000039880928,22
00340,Yên Sở,Phường,15.631455769905678,26
00352,Phương Liệt,Phường,26.526586532592773,13
00364,Khương Đình,Phường,26.5247324775247,17
00367,Thanh Xuân,Phường,32.3617023229599,16
00376,Sóc Sơn,Xã,5.580666955127272,344
00382,Kim Anh,Xã,2.7470190507128724,266
00385,Trung Giã,Xã,1.6568341792707912,387
00430,Đa Phúc,Xã,2.4396677518920074,278
00433,Nội Bài,Xã,10.70304220335029,257
00454,Đông Anh,Xã,12.96601095469857,247
00466,Phúc Thịnh,Xã,9.604005181512168,215
00475,Thư Lâm,Xã,5.602098380687625,215
00493,Thiên Lộc,Xã,10.340051775109279,146
00508,Vĩnh Thanh,Xã,10.44307836185802,110
00541,Phù Đổng,Xã,8.0853780767192,207
00562,Thuận An,Xã,6.078083949483884,157
00565,Gia Lâm,Xã,18.922468494950678,114
00577,Bát Tràng,Xã,9.717730899290604,110
00592,Từ Liêm,Phường,31.33115500592171,47
00598,Thượng Cát,Phường,14.879173661621524,71
00602,Đông Ngạc,Phường,17.66330426238304,43
00611,Xuân Đỉnh,Phường,35.08506291253226,28
00613,Tây Tựu,Phường,21.51065366268158,40
00619,Phú Diễn,Phường,24.093780055190578,33
00622,Xuân Phương,Phường,23.204124483568915,58
00634,Tây Mỗ,Phường,29.51046590451841,27
00637,Đại Mỗ,Phường,25.960886046999978,42
00640,Thanh Trì,Xã,11.076486947401515,53
00643,Thanh Liệt,Phường,22.352907747030258,32
00664,Đại Thanh,Xã,7.90906605971487,95
00679,Ngọc Hồi,Xã,6.324321486399724,65
00685,Nam Phù,Xã,6.899850461793982,69
04930,Yên Xuân,Xã,1.550433595573282,346
08974,Quang Minh,Xã,16.407974972782366,166
08980,Yên Lãng,Xã,3.1505280681052064,229
08995,Tiến Thắng,Xã,6.53398482274201,177
09022,Mê Linh,Xã,8.219898006372285,171
09552,Kiến Hưng,Phường,20.25959649682045,32
09556,Hà Đông,Phường,30.719028035799663,48
09562,Yên Nghĩa,Phường,6.956221387006234,69
09568,Phú Lương,Phường,9.912112053404464,47
09574,Sơn Tây,Phường,5.9163683221257966,116
09604,Tùng Thiện,Phường,3.6872180418938583,161
09616,Đoài Phương,Xã,2.30697765115167,294
09619,Quảng Oai,Xã,2.304893221674847,238
09634,Cổ Đô,Xã,2.006349210402336,269
09661,Minh Châu,Xã,1.313971456216306,49
09664,Vật Lại,Xã,1.9964869090101935,264
09676,Bất Bạt,Xã,1.3413819123943933,278
09694,Suối Hai,Xã,1.4257490341343098,268
09700,Ba Vì,Xã,0.4556917556988195,406
09706,Yên Bài,Xã,0.9368972665036631,342
09715,Phúc Thọ,Xã,3.1753913843631745,200
09739,Phúc Lộc,Xã,2.3155706264440297,206
09772,Hát Môn,Xã,3.3444017320871353,184
09784,Đan Phượng,Xã,7.109902538751301,76
09787,Liên Minh,Xã,3.6578434948193825,118
09817,Ô Diên,Xã,9.789659993048826,163
09832,Hoài Đức,Xã,11.876782805831343,81
09856,Dương Hòa,Xã,6.245046577670357,88
09871,Sơn Đồng,Xã,10.193426825783469,110
09877,An Khánh,Xã,9.172899781407176,143
09886,Dương Nội,Phường,25.03011967585637,39
09895,Quốc Oai,Xã,6.427696197719897,118
09910,Kiều Phú,Xã,3.5967414112652047,170
09931,Hưng Đạo,Xã,2.9586346314205385,123
09952,Phú Cát,Xã,2.3854085373596883,254
09955,Thạch Thất,Xã,2.615749769990549,159
09982,Hạ Bằng,Xã,3.204678530213218,159
09988,Hòa Lạc,Xã,5.0911339852544994,216
10003,Tây Phương,Xã,4.624110562354327,160
10015,Chương Mỹ,Phường,3.7441410283350574,193
10030,Phú Nghĩa,Xã,2.9658067582869063,204
10045,Xuân Mai,Xã,2.7906329297551924,255
10072,Quảng Bị,Xã,2.1229899515976776,185
10081,Trần Phú,Xã,1.5686495051727638,222
10096,Hòa Phú,Xã,1.9278231772937273,152
10114,Thanh Oai,Xã,2.836358897064043,138
10126,Bình Minh,Xã,4.380838007143099,146
10144,Tam Hưng,Xã,3.2062425476473733,148
10180,Dân Hòa,Xã,2.5745350464861443,188
10183,Thường Tín,Xã,5.447040836576005,142
10210,Hồng Vân,Xã,6.763940419753393,120
10231,Thượng Phúc,Xã,3.0614967865197835,147
10237,Chương Dương,Xã,3.589471039637713,142
10273,Phú Xuyên,Xã,2.9718545376257754,299
10279,Phượng Dực,Xã,1.9119974205979204,226
10330,Chuyên Mỹ,Xã,2.024432240251722,179
10342,Đại Xuyên,Xã,3.002340544522504,257
10354,Vân Đình,Xã,1.9218242925405502,200
10369,Ứng Thiên,Xã,2.036422308286031,195
10402,Ứng Hòa,Xã,1.5740665186791731,338
10417,Hòa Xá,Xã,2.1888216514031864,206
10441,Mỹ Đức,Xã,1.383238783478737,260
10459,Phúc Sơn,Xã,1.2708942739944147,246
10465,Hồng Sơn,Xã,1.2416245919816635,272
10489,Hương Sơn,Xã,0.9228242302286452,345
